kanji,freq
人,1
一,2
見,3
言,4
出,5
気,6
思,7
大,8
手,9
上,10
何,11
間,12
分,13
行,14
日,15
中,16
目,17
自,18
生,19
子,20
今,21
事,22
合,23
時,24
前,25
入,26
本,27
心,28
方,29
立,30
私,31
来,32
物,33
者,34
的,35
無,36
話,37
力,38
後,39
下,40
取,41
意,42
知,43
動,44
体,45
当,46
不,47
感,48
理,49
会,50
度,51
持,52
場,53
切,54
地,55
通,56
家,57
部,58
年,59
学,60
込,61
先,62
聞,63
同,64
最,65
外,66
口,67
顔,68
性,69
身,70
食,71
女,72
小,73
付,74
引,75
実,76
向,77
変,78
所,79
全,80
悪,81
用,82
回,83
面,84
声,85
国,86
作,87
明,88
二,89
長,90
少,91
足,92
味,93
高,94
名,95
対,96
考,97
様,98
違,99
世,100
相,101
近,102
道,103
金,104
屋,105
戦,106
落,107
死,108
強,109
水,110
頭,111
内,112
発,113
待,114
着,115
書,116
開,117
好,118
数,119
定,120
直,121
色,122
男,123
代,124
音,125
決,126
三,127
然,128
情,129
返,130
使,131
別,132
空,133
重,134
機,135
信,136
真,137
正,138
化,139
葉,140
神,141
仕,142
結,143
誰,144
関,145
主,146
以,147
問,148
教,149
解,150
法,151
風,152
元,153
連,154
初,155
安,156
業,157
早,158
成,159
受,160
十,161
続,162
新,163
覚,164
白,165
要,166
文,167
止,168
残,169
彼,170
現,171
調,172
天,173
楽,174
張,175
多,176
流,177
山,178
帰,179
呼,180
歩,181
笑,182
置,183
確,184
界,185
必,186
飛,187
次,188
突,189
状,190
終,191
勝,192
起,193
始,194
能,195
命,196
過,197
振,198
得,199
指,200
乗,201
良,202
打,203
夜,204
抜,205
伝,206
離,207
配,208
形,209
愛,210
集,211
反,212
期,213
急,214
絶,215
戻,216
語,217
月,218
親,219
失,220
放,221
進,222
電,223
想,224
苦,225
表,226
特,227
消,228
果,229
息,230
応,231
経,232
殺,233
半,234
平,235
御,236
木,237
点,238
在,239
活,240
車,241
題,242
断,243
運,244
火,245
有,246
社,247
光,248
姿,249
押,250
逃,251
助,252
番,253
品,254
転,255
追,256
由,257
員,258
海,259
野,260
掛,261
原,262
可,263
交,264
利,265
報,266
義,267
寄,268
線,269
態,270
血,271
説,272
緒,273
差,274
素,275
走,276
常,277
深,278
撃,279
石,280
馬,281
他,282
格,283
計,284
室,285
美,286
加,287
限,288
保,289
遠,290
記,291
達,292
背,293
守,294
広,295
嫌,296
送,297
首,298
役,299
備,300
画,301
存,302
組,303
負,304
選,305
難,306
座,307
寝,308
制,309
読,310
料,311
花,312
任,313
術,314
質,315
校,316
公,317
我,318
係,319
器,320
視,321
際,322
魔,323
予,324
倒,325
答,326
認,327
念,328
朝,329
論,330
願,331
売,332
満,333
赤,334
母,335
頼,336
黒,337
和,338
議,339
細,340
店,341
士,342
単,343
飲,344
痛,345
軍,346
病,347
買,348
望,349
熱,350
産,351
民,352
父,353
識,354
焼,355
勢,356
腹,357
四,358
位,359
土,360
構,361
側,362
割,363
冷,364
優,365
段,366
根,367
王,368
君,369
茶,370
務,371
破,372
第,373
式,374
両,375
許,376
横,377
浮,378
端,379
休,380
渡,381
余,382
約,383
抱,384
件,385
字,386
隠,387
族,388
台,389
古,390
共,391
服,392
住,393
完,394
工,395
肉,396
降,397
再,398
夫,399
太,400
異,401
似,402
敵,403
精,404
告,405
万,406
観,407
治,408
裏,409
門,410
政,411
夢,412
若,413
装,414
投,415
鳴,416
礼,417
居,418
市,419
路,420
去,421
胸,422
紙,423
片,424
速,425
五,426
証,427
権,428
種,429
兵,430
乱,431
傷,432
腕,433
青,434
量,435
散,436
耳,437
験,438
支,439
仲,440
注,441
師,442
団,443
田,444
害,445
東,446
危,447
具,448
忘,449
客,450
巻,451
恐,452
申,453
川,454
髪,455
普,456
談,457
接,458
驚,459
途,460
囲,461
案,462
遊,463
触,464
極,465
都,466
容,467
静,468
供,469
逆,470
育,471
訳,472
島,473
友,474
程,475
官,476
参,477
判,478
暗,479
造,480
退,481
薬,482
船,483
軽,484
越,485
舞,486
働,487
弱,488
図,489
処,490
困,491
準,492
角,493
瞬,494
類,495
非,496
駅,497
未,498
踏,499
警,500
試,501
探,502
泣,503
席,504
密,505
罪,506
吹,507
弾,508
欲,509
詰,510
眼,511
右,512
収,513
周,514
技,515
草,516
興,517
求,518
防,519
頃,520
与,521
久,522
替,523
折,524
八,525
薄,526
像,527
護,528
百,529
独,530
骨,531
肩,532
左,533
悲,534
職,535
幸,536
並,537
階,538
済,539
払,540
示,541
毎,542
習,543
型,544
筋,545
等,546
武,547
影,548
腰,549
星,550
労,551
遅,552
疑,553
婚,554
毛,555
移,556
帯,557
染,558
射,559
象,560
迷,561
末,562
辺,563
怒,564
眠,565
隊,566
派,567
科,568
増,569
丸,570
激,571
商,572
奥,573
険,574
捨,575
察,576
設,577
暴,578
温,579
波,580
雑,581
価,582
減,583
留,584
束,585
恋,586
低,587
資,588
練,589
玉,590
鼻,591
甘,592
管,593
建,594
効,595
惑,596
例,597
歳,598
比,599
争,600
歌,601
局,602
基,603
圧,604
刻,605
喜,606
況,607
吸,608
曲,609
千,610
駆,611
酒,612
閉,613
郎,614
混,615
固,616
値,617
医,618
握,619
改,620
犯,621
邪,622
鉄,623
簡,624
昔,625
因,626
査,627
院,628
兄,629
怖,630
秘,631
底,632
黙,633
戸,634
北,635
総,636
積,637
映,638
衛,639
滅,640
刺,641
壁,642
微,643
園,644
雨,645
盛,646
攻,647
貴,648
町,649
脱,650
復,651
個,652
責,653
弁,654
号,655
絡,656
老,657
怪,658
恥,659
整,660
吐,661
俺,662
壊,663
球,664
尽,665
伸,666
響,667
超,668
率,669
級,670
宿,671
除,672
印,673
縁,674
景,675
故,676
介,677
奇,678
写,679
丈,680
板,681
届,682
円,683
虫,684
西,685
布,686
旅,687
剣,688
雪,689
演,690
節,691
駄,692
従,693
揺,694
疲,695
暮,696
鳥,697
条,698
検,699
荒,700
納,701
短,702
照,703
算,704
修,705
毒,706
南,707
製,708
為,709
換,710
令,711
救,712
娘,713
街,714
飯,715
迎,716
境,717
宮,718
城,719
包,720
爆,721
歯,722
捕,723
僕,724
鹿,725
妙,726
導,727
謝,728
洗,729
敗,730
材,731
研,732
快,733
騒,734
仮,735
輪,736
慣,737
策,738
提,739
抗,740
霊,741
領,742
脳,743
跡,744
油,745
遣,746
六,747
絵,748
銀,749
登,750
昼,751
適,752
協,753
皮,754
営,755
羽,756
被,757
避,758
聖,759
涙,760
七,761
費,762
将,763
衣,764
規,765
闘,766
誘,767
佐,768
亡,769
症,770
至,771
館,772
便,773
陰,774
昨,775
締,776
刀,777
否,778
補,779
襲,780
狂,781
祭,782
厳,783
継,784
禁,785
魚,786
芸,787
震,788
隣,789
統,790
窓,791
互,792
皆,793
姉,794
究,795
養,796
敷,797
順,798
春,799
穴,800
系,801
庭,802
借,803
徒,804
甲,805
臭,806
欠,807
障,808
村,809
晴,810
伏,811
柄,812
句,813
迫,814
湯,815
挙,816
崩,817
奪,818
繰,819
香,820
京,821
属,822
汚,823
清,824
列,825
頑,826
箱,827
叫,828
儀,829
犬,830
史,831
担,832
夕,833
児,834
週,835
米,836
陽,837
己,838
純,839
遺,840
井,841
貸,842
憶,843
慢,844
更,845
雲,846
距,847
洋,848
屈,849
叩,850
緊,851
拠,852
露,853
模,854
荷,855
袋,856
威,857
夏,858
弟,859
堂,860
給,861
辞,862
華,863
尾,864
及,865
評,866
額,867
健,868
織,869
福,870
黄,871
尻,872
棒,873
酸,874
志,875
層,876
沈,877
陸,878
寒,879
丁,880
了,881
鏡,882
善,883
歴,884
液,885
英,886
展,887
司,888
区,889
鬼,890
専,891
功,892
易,893
筆,894
皇,895
療,896
宝,897
九,898
灯,899
略,900
焦,901
群,902
操,903
慮,904
才,905
婦,906
宅,907
損,908
煙,909
懐,910
描,911
猫,912
裂,913
勘,914
飾,915
砂,916
録,917
狙,918
乳,919
源,920
悩,921
仏,922
幼,923
辛,924
枚,925
扱,926
陣,927
諸,928
訪,929
延,930
干,931
悔,932
含,933
誤,934
各,935
植,936
床,937
炎,938
舌,939
承,940
省,941
蔵,942
致,943
援,944
域,945
跳,946
糸,947
悟,948
盗,949
輝,950
如,951
裁,952
揚,953
潰,954
燃,955
巡,956
推,957
財,958
殿,959
徳,960
粉,961
編,962
耐,963
頂,964
妻,965
肌,966
栄,967
勇,968
傾,969
潜,970
環,971
紅,972
奴,973
幕,974
縮,975
巨,976
称,977
幾,978
酔,979
杯,980
闇,981
複,982
則,983
授,984
厚,985
即,986
麗,987
施,988
劇,989
賞,990
塩,991
衝,992
岩,993
晩,994
監,995
測,996
勤,997
般,998
脈,999
珍,1000
永,1001
仰,1002
松,1003
愚,1004
透,1005
橋,1006
暇,1007
執,1008
矢,1009
汗,1010
呂,1011
銃,1012
革,1013
埋,1014
塗,1015
滑,1016
封,1017
庫,1018
標,1019
浴,1020
舎,1021
到,1022
添,1023
剤,1024
柔,1025
砲,1026
蹴,1027
垂,1028
討,1029
臓,1030
勉,1031
妹,1032
寂,1033
捜,1034
県,1035
河,1036
希,1037
釣,1038
刑,1039
占,1040
敬,1041
候,1042
氷,1043
聴,1044
偽,1045
輩,1046
膝,1047
針,1048
泊,1049
競,1050
雄,1051
農,1052
課,1053
乾,1054
虚,1055
尊,1056
免,1057
秋,1058
依,1059
請,1060
坊,1061
倍,1062
祝,1063
泥,1064
忍,1065
宗,1066
宙,1067
札,1068
寺,1069
委,1070
懸,1071
漏,1072
宣,1073
午,1074
党,1075
獣,1076
祖,1077
菜,1078
版,1079
溜,1080
衆,1081
訴,1082
府,1083
覆,1084
籠,1085
戒,1086
牛,1087
林,1088
樹,1089
恩,1090
眉,1091
企,1092
税,1093
宇,1094
猛,1095
航,1096
房,1097
停,1098
冗,1099
抑,1100
擦,1101
緩,1102
腐,1103
狭,1104
那,1105
麻,1106
盤,1107
創,1108
嘘,1109
揃,1110
旧,1111
審,1112
載,1113
脚,1114
詳,1115
諦,1116
沢,1117
緑,1118
災,1119
裕,1120
豆,1121
煮,1122
臣,1123
豪,1124
竜,1125
築,1126
貧,1127
憎,1128
躍,1129
廃,1130
章,1131
帝,1132
呪,1133
硬,1134
玄,1135
充,1136
谷,1137
恵,1138
藤,1139
掃,1140
就,1141
獄,1142
吉,1143
濃,1144
忠,1145
招,1146
卒,1147
鮮,1148
斬,1149
呆,1150
範,1151
趣,1152
索,1153
典,1154
刃,1155
幅,1156
拍,1157
絞,1158
姫,1159
酷,1160
隙,1161
預,1162
律,1163
艦,1164
泉,1165
嬢,1166
里,1167
氏,1168
掻,1169
冬,1170
森,1171
哀,1172
逸,1173
貫,1174
講,1175
癖,1176
歓,1177
益,1178
岸,1179
臨,1180
柱,1181
頬,1182
帳,1183
熟,1184
侵,1185
拝,1186
雷,1187
採,1188
携,1189
傍,1190
竹,1191
努,1192
誇,1193
拾,1194
噛,1195
齢,1196
詞,1197
羅,1198
濡,1199
徹,1200
網,1201
溶,1202
偶,1203
卵,1204
忙,1205
稼,1206
殴,1207
港,1208
靴,1209
康,1210
魂,1211
紛,1212
富,1213
訓,1214
幻,1215
菓,1216
惜,1217
奮,1218
騎,1219
豊,1220
随,1221
鍵,1222
昇,1223
既,1224
奏,1225
漢,1226
寸,1227
撮,1228
褒,1229
州,1230
汁,1231
紹,1232
双,1233
砕,1234
尋,1235
肝,1236
掘,1237
裸,1238
覧,1239
覗,1240
択,1241
伊,1242
唯,1243
縛,1244
俗,1245
郷,1246
博,1247
看,1248
縦,1249
喉,1250
繋,1251
鋭,1252
拳,1253
磨,1254
賛,1255
恨,1256
穏,1257
烈,1258
倉,1259
祈,1260
嫁,1261
剥,1262
診,1263
秒,1264
馴,1265
徴,1266
罰,1267
戯,1268
抵,1269
偉,1270
棄,1271
揮,1272
釈,1273
脅,1274
踊,1275
副,1276
貨,1277
秀,1278
潮,1279
浅,1280
脇,1281
曜,1282
炭,1283
凍,1284
狩,1285
譲,1286
銭,1287
噂,1288
謀,1289
召,1290
呑,1291
江,1292
塞,1293
僧,1294
棚,1295
慌,1296
拭,1297
津,1298
挟,1299
遇,1300
雰,1301
催,1302
述,1303
紀,1304
唱,1305
劣,1306
睨,1307
鈍,1308
挑,1309
粒,1310
縄,1311
核,1312
爪,1313
椅,1314
誌,1315
遭,1316
唐,1317
童,1318
麦,1319
暖,1320
排,1321
惚,1322
拒,1323
契,1324
蛇,1325
隅,1326
阿,1327
賢,1328
往,1329
嘆,1330
旗,1331
凄,1332
季,1333
削,1334
湖,1335
渉,1336
拡,1337
控,1338
這,1339
凝,1340
央,1341
彩,1342
蓋,1343
没,1344
輸,1345
隔,1346
唇,1347
粗,1348
膨,1349
魅,1350
摘,1351
堪,1352
券,1353
憂,1354
匂,1355
咲,1356
灰,1357
殊,1358
畳,1359
融,1360
紫,1361
泳,1362
机,1363
喧,1364
鼓,1365
撫,1366
兼,1367
蒸,1368
飽,1369
淡,1370
誠,1371
噴,1372
奉,1373
挨,1374
拶,1375
胆,1376
項,1377
詩,1378
孤,1379
掴,1380
堅,1381
惨,1382
枝,1383
績,1384
託,1385
株,1386
帽,1387
卑,1388
維,1389
据,1390
鎖,1391
遂,1392
瓶,1393
雇,1394
澄,1395
糖,1396
械,1397
綺,1398
誓,1399
渋,1400
嬉,1401
販,1402
湧,1403
票,1404
廊,1405
膜,1406
浸,1407
桜,1408
菌,1409
翼,1410
慰,1411
伴,1412
籍,1413
慎,1414
坂,1415
凶,1416
漁,1417
均,1418
庁,1419
沙,1420
塔,1421
眺,1422
寿,1423
暑,1424
胞,1425
序,1426
孫,1427
痴,1428
飼,1429
股,1430
扉,1431
却,1432
漫,1433
葬,1434
袖,1435
墓,1436
浜,1437
誕,1438
須,1439
睡,1440
繁,1441
弓,1442
爵,1443
脂,1444
旦,1445
還,1446
巣,1447
縫,1448
粋,1449
概,1450
翌,1451
溢,1452
綱,1453
皿,1454
纏,1455
匹,1456
鍋,1457
虐,1458
湿,1459
岡,1460
枕,1461
滞,1462
枯,1463
苛,1464
粘,1465
幽,1466
斐,1467
筒,1468
芝,1469
狼,1470
餅,1471
履,1472
摩,1473
忌,1474
紋,1475
献,1476
陥,1477
著,1478
患,1479
斜,1480
偏,1481
冒,1482
賀,1483
獲,1484
池,1485
霧,1486
誉,1487
浪,1488
漬,1489
鬱,1490
寧,1491
茂,1492
是,1493
癒,1494
綿,1495
揉,1496
犠,1497
塵,1498
幹,1499
歪,1500
厄,1501
牲,1502
敏,1503
廻,1504
析,1505
卓,1506
智,1507
慈,1508
瞳,1509
虎,1510
亜,1511
冠,1512
潔,1513
仁,1514
勧,1515
疎,1516
怯,1517
鎮,1518
償,1519
腫,1520
壮,1521
妖,1522
艶,1523
猿,1524
鑑,1525
畑,1526
瀬,1527
吊,1528
肥,1529
婆,1530
梅,1531
壇,1532
腸,1533
泡,1534
槍,1535
沿,1536
奈,1537
弥,1538
賭,1539
哲,1540
軒,1541
晶,1542
鉱,1543
励,1544
羊,1545
浄,1546
軟,1547
賃,1548
符,1549
濁,1550
駐,1551
磁,1552
乏,1553
伯,1554
謎,1555
鍛,1556
促,1557
窮,1558
彫,1559
刷,1560
涼,1561
賊,1562
舟,1563
零,1564
胃,1565
塊,1566
芽,1567
嘩,1568
盟,1569
叱,1570
沸,1571
辱,1572
掲,1573
旋,1574
憩,1575
拘,1576
汰,1577
盾,1578
把,1579
漂,1580
翻,1581
痕,1582
此,1583
凡,1584
伺,1585
錯,1586
豚,1587
督,1588
殻,1589
眩,1590
較,1591
署,1592
鐘,1593
貼,1594
巧,1595
唾,1596
喫,1597
崎,1598
妬,1599
慶,1600
胡,1601
之,1602
疾,1603
蒼,1604
潤,1605
鉢,1606
肢,1607
弄,1608
貝,1609
龍,1610
圏,1611
捻,1612
雅,1613
顧,1614
丹,1615
鶏,1616
憤,1617
尖,1618
贈,1619
璧,1620
喰,1621
搔,1622
剛,1623
滴,1624
鈴,1625
襟,1626
侍,1627
熊,1628
芳,1629
旨,1630
乙,1631
遮,1632
牙,1633
叶,1634
傘,1635
亀,1636
紐,1637
募,1638
赦,1639
貯,1640
邦,1641
貌,1642
閣,1643
桃,1644
愉,1645
怠,1646
斉,1647
缶,1648
刈,1649
杖,1650
炉,1651
稽,1652
銘,1653
刊,1654
銅,1655
舐,1656
憲,1657
架,1658
括,1659
喚,1660
笛,1661
稿,1662
軌,1663
稲,1664
其,1665
尚,1666
征,1667
掌,1668
曇,1669
斎,1670
妄,1671
閑,1672
淫,1673
肺,1674
軸,1675
喪,1676
蓄,1677
剝,1678
渦,1679
偵,1680
捉,1681
貞,1682
嘲,1683
冊,1684
糞,1685
洞,1686
衰,1687
粧,1688
墨,1689
牧,1690
狐,1691
騙,1692
擬,1693
辿,1694
醜,1695
億,1696
顕,1697
畜,1698
扇,1699
胴,1700
盲,1701
撤,1702
顎,1703
芋,1704
柳,1705
箇,1706
鼠,1707
憧,1708
湾,1709
朱,1710
丘,1711
徐,1712
阪,1713
猟,1714
牢,1715
噌,1716
餌,1717
囚,1718
悶,1719
煩,1720
併,1721
馳,1722
阻,1723
雀,1724
蘇,1725
垣,1726
枠,1727
邸,1728
咳,1729
盆,1730
蜂,1731
炊,1732
痺,1733
僚,1734
敢,1735
宴,1736
尿,1737
殖,1738
妨,1739
駒,1740
嫉,1741
欧,1742
欺,1743
喋,1744
隷,1745
繊,1746
蜜,1747
鋼,1748
嗅,1749
骸,1750
寛,1751
頻,1752
匠,1753
兎,1754
詮,1755
仙,1756
摺,1757
仇,1758
烏,1759
郵,1760
宜,1761
晒,1762
陶,1763
昧,1764
姓,1765
倫,1766
肘,1767
崇,1768
寮,1769
罵,1770
瓦,1771
尺,1772
挿,1773
醒,1774
侮,1775
膚,1776
爺,1777
懇,1778
濯,1779
妊,1780
糧,1781
俯,1782
涯,1783
懲,1784
巾,1785
孔,1786
蔑,1787
訊,1788
禍,1789
隆,1790
冥,1791
購,1792
痩,1793
躊,1794
躇,1795
髄,1796
箸,1797
珠,1798
剰,1799
棟,1800
頓,1801
悦,1802
摂,1803
錬,1804
釘,1805
逢,1806
附,1807
礎,1808
朗,1809
嵐,1810
渇,1811
錠,1812
沼,1813
貰,1814
僅,1815
鎌,1816
垢,1817
撲,1818
批,1819
蓮,1820
諾,1821
抽,1822
稀,1823
疫,1824
沖,1825
坐,1826
岐,1827
浦,1828
屑,1829
債,1830
悠,1831
詐,1832
峰,1833
滝,1834
菊,1835
漠,1836
畏,1837
訝,1838
嘉,1839
遍,1840
杉,1841
臆,1842
頷,1843
矛,1844
膳,1845
啓,1846
儲,1847
捧,1848
燈,1849
肯,1850
飢,1851
穂,1852
覇,1853
蛮,1854
皺,1855
鉛,1856
汲,1857
呟,1858
宛,1859
壺,1860
乞,1861
兆,1862
需,1863
繕,1864
燥,1865
荘,1866
憑,1867
羨,1868
滲,1869
搾,1870
怨,1871
賑,1872
慕,1873
憐,1874
又,1875
遥,1876
廷,1877
胎,1878
愕,1879
洒,1880
庇,1881
閃,1882
裾,1883
唸,1884
酬,1885
暦,1886
彦,1887
耕,1888
帆,1889
爽,1890
班,1891
穿,1892
囁,1893
蝶,1894
咎,1895
厭,1896
槌,1897
掠,1898
讐,1899
逮,1900
藩,1901
奔,1902
克,1903
紡,1904
勿,1905
溝,1906
甚,1907
楼,1908
貢,1909
禅,1910
撒,1911
桁,1912
栗,1913
叔,1914
鎧,1915
絹,1916
径,1917
貿,1918
奢,1919
陳,1920
崖,1921
披,1922
飴,1923
拙,1924
孝,1925
詫,1926
蘭,1927
伐,1928
辻,1929
紳,1930
轟,1931
溺,1932
妃,1933
髭,1934
弦,1935
鶴,1936
媒,1937
釜,1938
堀,1939
曹,1940
硝,1941
戴,1942
措,1943
詠,1944
喝,1945
塚,1946
琴,1947
笠,1948
惹,1949
腺,1950
稚,1951
舗,1952
螺,1953
藁,1954
塁,1955
煽,1956
謙,1957
鱗,1958
焚,1959
爛,1960
謹,1961
鞭,1962
拗,1963
窺,1964
鳩,1965
篭,1966
姦,1967
薦,1968
吠,1969
些,1970
斑,1971
拐,1972
吟,1973
煎,1974
冴,1975
簿,1976
亭,1977
欄,1978
秩,1979
岳,1980
昭,1981
酢,1982
堵,1983
捲,1984
膣,1985
堕,1986
嗜,1987
昂,1988
慨,1989
蜘,1990
蛛,1991
藍,1992
粛,1993
恒,1994
嵌,1995
艇,1996
傑,1997
侯,1998
鞄,1999
呈,2000
弊,2001
麺,2002
罠,2003
蚊,2004
暫,2005
猪,2006
葛,2007
拓,2008
宵,2009
斗,2010
攣,2011
嗟,2012
愁,2013
培,2014
妥,2015
綴,2016
貪,2017
翔,2018
埃,2019
桶,2020
鷹,2021
譜,2022
只,2023
雌,2024
錆,2025
昏,2026
吾,2027
咽,2028
蕩,2029
筈,2030
贅,2031
霞,2032
遜,2033
萌,2034
耗,2035
餓,2036
竦,2037
庶,2038
捌,2039
絆,2040
藻,2041
萎,2042
凌,2043
伽,2044
蒲,2045
丼,2046
窟,2047
戚,2048
儘,2049
串,2050
酌,2051
緯,2052
綻,2053
衡,2054
諭,2055
峡,2056
刹,2057
曖,2058
猶,2059
薩,2060
芯,2061
腑,2062
棋,2063
閥,2064
棲,2065
賜,2066
搬,2067
陛,2068
迂,2069
咄,2070
栓,2071
臥,2072
郭,2073
佳,2074
牡,2075
屍,2076
朴,2077
郡,2078
穫,2079
朽,2080
韓,2081
尉,2082
泰,2083
奨,2084
腔,2085
霜,2086
卸,2087
逐,2088
勅,2089
勲,2090
勃,2091
狗,2092
苔,2093
挫,2094
羞,2095
蒙,2096
禄,2097
或,2098
媚,2099
瞑,2100
塀,2101
俊,2102
傲,2103
弘,2104
婿,2105
雛,2106
抉,2107
頸,2108
赴,2109
竿,2110
匿,2111
抹,2112
癌,2113
夷,2114
漆,2115
紺,2116
廉,2117
枢,2118
蛍,2119
苗,2120
劫,2121
撥,2122
吏,2123
韻,2124
煌,2125
瓜,2126
洩,2127
蝋,2128
獅,2129
蔭,2130
穢,2131
塾,2132
昆,2133
墜,2134
呻,2135
讃,2136
唄,2137
燭,2138
睦,2139
挽,2140
梨,2141
舵,2142
牽,2143
醸,2144
炒,2145
痒,2146
暁,2147
累,2148
玩,2149
菩,2150
陀,2151
叙,2152
瑞,2153
某,2154
顰,2155
踵,2156
蔓,2157
云,2158
薙,2159
昌,2160
嚢,2161
凹,2162
幣,2163
錦,2164
享,2165
循,2166
淀,2167
賓,2168
葡,2169
訂,2170
璃,2171
漕,2172
癪,2173
穀,2174
蕎,2175
喘,2176
茎,2177
薇,2178
祐,2179
洲,2180
肪,2181
擁,2182
瞼,2183
俳,2184
嬌,2185
厨,2186
朧,2187
蝕,2188
腿,2189
佇,2190
凛,2191
槽,2192
縋,2193
蟻,2194
祥,2195
秤,2196
喩,2197
虹,2198
薔,2199
萄,2200
篤,2201
娠,2202
硫,2203
埒,2204
扶,2205
莫,2206
閲,2207
軋,2208
牌,2209
闊,2210
弔,2211
寡,2212
斯,2213
淵,2214
柿,2215
轄,2216
幡,2217
碧,2218
躯,2219
蟹,2220
庵,2221
茹,2222
椎,2223
沫,2224
騰,2225
淑,2226
殆,2227
旬,2228
恰,2229
醤,2230
藪,2231
礫,2232
呉,2233
輿,2234
乃,2235
隻,2236
瞭,2237
弧,2238
嚇,2239
陵,2240
梯,2241
禿,2242
薫,2243
鞘,2244
巫,2245
后,2246
鷲,2247
蔽,2248
虜,2249
辰,2250
采,2251
冶,2252
猥,2253
腎,2254
痙,2255
賄,2256
曾,2257
脊,2258
瑠,2259
妾,2260
恭,2261
耽,2262
鳳,2263
践,2264
倣,2265
鴨,2266
渾,2267
祓,2268
梁,2269
慾,2270
迅,2271
卿,2272
狸,2273
棺,2274
迦,2275
茫,2276
碑,2277
仔,2278
郊,2279
狽,2280
叉,2281
捩,2282
駈,2283
癇,2284
褐,2285
駕,2286
鯨,2287
栽,2288
搭,2289
蛙,2290
綾,2291
汽,2292
詣,2293
堤,2294
雁,2295
攫,2296
宰,2297
祉,2298
呵,2299
屁,2300
膏,2301
磯,2302
煉,2303
桂,2304
篇,2305
彷,2306
絨,2307
斧,2308
惰,2309
遷,2310
餐,2311
曰,2312
峠,2313
耶,2314
酵,2315
錐,2316
尼,2317
坑,2318
柵,2319
姻,2320
擲,2321
填,2322
翠,2323
剃,2324
緋,2325
鞍,2326
掬,2327
袈,2328
裟,2329
碗,2330
拉,2331
傭,2332
弛,2333
脆,2334
淋,2335
豹,2336
輔,2337
葵,2338
慄,2339
兜,2340
峙,2341
咥,2342
筑,2343
縞,2344
叛,2345
蒔,2346
曝,2347
娼,2348
娯,2349
碁,2350
隈,2351
鉤,2352
糊,2353
仄,2354
也,2355
彰,2356
漸,2357
套,2358
燕,2359
囃,2360
鋳,2361
歎,2362
該,2363
砦,2364
瞥,2365
薪,2366
叢,2367
嘗,2368
祇,2369
賦,2370
灼,2371
窪,2372
嗚,2373
寵,2374
樽,2375
謂,2376
凸,2377
淹,2378
於,2379
脛,2380
贄,2381
躾,2382
肖,2383
挺,2384
拷,2385
賤,2386
謡,2387
倦,2388
苑,2389
嶺,2390
贔,2391
斥,2392
伎,2393
啜,2394
蚕,2395
俵,2396
窒,2397
洛,2398
杭,2399
燻,2400
芥,2401
諜,2402
紗,2403
袴,2404
俄,2405
儒,2406
屯,2407
笹,2408
桑,2409
妓,2410
逝,2411
柴,2412
屠,2413
茸,2414
忽,2415
跨,2416
盃,2417
狡,2418
靄,2419
摑,2420
翳,2421
勾,2422
桐,2423
剖,2424
枷,2425
舷,2426
巴,2427
檀,2428
屓,2429
杏,2430
謁,2431
聡,2432
毅,2433
撰,2434
曳,2435
濫,2436
糾,2437
尤,2438
鋒,2439
嫡,2440
簾,2441
齧,2442
蹟,2443
楚,2444
矯,2445
涎,2446
唆,2447
姑,2448
琉,2449
兇,2450
汎,2451
辣,2452
澤,2453
葺,2454
遁,2455
侶,2456
憫,2457
礁,2458
頰,2459
迄,2460
葱,2461
眞,2462
哨,2463
凜,2464
颯,2465
奸,2466
渓,2467
茨,2468
晦,2469
躙,2470
駿,2471
椒,2472
臼,2473
泌,2474
楊,2475
遡,2476
蠅,2477
唖,2478
裡,2479
粟,2480
訟,2481
帥,2482
徨,2483
叡,2484
浩,2485
悼,2486
橘,2487
儚,2488
滓,2489
菱,2490
轢,2491
鯛,2492
噓,2493
蠟,2494
櫛,2495
澱,2496
哉,2497
嵩,2498
董,2499
莉,2500
焔,2501
准,2502
柏,2503
捏,2504
棘,2505
蝉,2506
箋,2507
鵜,2508
碌,2509
洪,2510
箔,2511
膿,2512
贋,2513
臍,2514
蠢,2515
靡,2516
眸,2517
瀕,2518
熾,2519
伍,2520
岬,2521
鯉,2522
檻,2523
桟,2524
宥,2525
捷,2526
謳,2527
翁,2528
疵,2529
堰,2530
殉,2531
窃,2532
粥,2533
箪,2534
繍,2535
鋏,2536
嚙,2537
繫,2538
禽,2539
篠,2540
播,2541
濤,2542
峻,2543
咆,2544
曽,2545
搦,2546
汝,2547
椿,2548
柑,2549
餡,2550
疼,2551
湛,2552
憚,2553
滋,2554
梳,2555
僻,2556
逞,2557
毯,2558
顛,2559
籤,2560
瘍,2561
諏,2562
凪,2563
賽,2564
緻,2565
膠,2566
而,2567
肋,2568
侠,2569
貶,2570
嘔,2571
撓,2572
榴,2573
跪,2574
爾,2575
茅,2576
惧,2577
捗,2578
疹,2579
摯,2580
慧,2581
瘤,2582
饅,2583
杜,2584
祷,2585
譚,2586
葦,2587
蹄,2588
炸,2589
朦,2590
暢,2591
函,2592
踪,2593
窯,2594
蹲,2595
墳,2596
毀,2597
鹸,2598
托,2599
肴,2600
雫,2601
罷,2602
楓,2603
賠,2604
畔,2605
敦,2606
巌,2607
脹,2608
褪,2609
煤,2610
箒,2611
燦,2612
蹂,2613
噺,2614
惣,2615
旭,2616
窄,2617
杓,2618
灌,2619
褄,2620
卜,2621
萩,2622
鱈,2623
孕,2624
罹,2625
李,2626
鳶,2627
坦,2628
壌,2629
註,2630
租,2631
甥,2632
巳,2633
戟,2634
蝦,2635
倶,2636
楯,2637
轍,2638
諫,2639
吃,2640
憾,2641
檎,2642
蛸,2643
祟,2644
嗣,2645
巷,2646
眷,2647
炙,2648
哮,2649
笥,2650
躱,2651
茄,2652
椀,2653
沌,2654
檜,2655
遙,2656
俸,2657
磐,2658
恍,2659
誦,2660
蔦,2661
悍,2662
吻,2663
淳,2664
饒,2665
升,2666
訛,2667
悉,2668
暈,2669
贖,2670
匙,2671
堆,2672
冑,2673
佑,2674
嗤,2675
裳,2676
姐,2677
飄,2678
姪,2679
旺,2680
已,2681
梗,2682
僭,2683
燐,2684
但,2685
坪,2686
扁,2687
逡,2688
按,2689
牝,2690
拵,2691
廟,2692
驕,2693
鋸,2694
芒,2695
卯,2696
簀,2697
襖,2698
吼,2699
囮,2700
几,2701
戮,2702
縷,2703
鮫,2704
凱,2705
睫,2706
幌,2707
漿,2708
麓,2709
亮,2710
衷,2711
瞠,2712
糠,2713
洟,2714
蛾,2715
魁,2716
橙,2717
鰻,2718
沁,2719
誅,2720
藉,2721
矮,2722
殲,2723
侘,2724
咀,2725
儂,2726
揶,2727
揄,2728
迸,2729
疇,2730
胤,2731
壕,2732
茜,2733
且,2734
丑,2735
誼,2736
壷,2737
潟,2738
毬,2739
柚,2740
庸,2741
倹,2742
嚼,2743
祀,2744
絢,2745
琥,2746
珀,2747
櫓,2748
絃,2749
樺,2750
蕃,2751
靖,2752
啖,2753
朋,2754
陪,2755
窩,2756
孵,2757
痢,2758
咤,2759
鮭,2760
梢,2761
漉,2762
墟,2763
刎,2764
舶,2765
襞,2766
倭,2767
撞,2768
惟,2769
詭,2770
痘,2771
翅,2772
寓,2773
焉,2774
繭,2775
杞,2776
稜,2777
郁,2778
庄,2779
擂,2780
掟,2781
毘,2782
欣,2783
痣,2784
黴,2785
灸,2786
瘡,2787
梃,2788
傀,2789
儡,2790
沓,2791
詛,2792
祠,2793
屏,2794
蘆,2795
嘴,2796
瞰,2797
鬚,2798
甦,2799
楠,2800
凭,2801
瓢,2802
鷺,2803
朔,2804
曼,2805
誹,2806
涸,2807
靭,2808
櫃,2809
厩,2810
躁,2811
獰,2812
徊,2813
毟,2814
腋,2815
碍,2816
裔,2817
冨,2818
鍔,2819
汐,2820
嶽,2821
荼,2822
肛,2823
乎,2824
竈,2825
欝,2826
矜,2827
濠,2828
抄,2829
朶,2830
竪,2831
膵,2832
倖,2833
蓑,2834
埼,2835
茉,2836
蜥,2837
蜴,2838
謬,2839
腱,2840
溌,2841
苺,2842
懺,2843
滾,2844
鴉,2845
悸,2846
吝,2847
亘,2848
聯,2849
炬,2850
磔,2851
遽,2852
鄙,2853
魄,2854
謗,2855
廓,2856
杵,2857
瞞,2858
弩,2859
楔,2860
嗄,2861
蝙,2862
蝠,2863
駁,2864
楕,2865
截,2866
哭,2867
琵,2868
琶,2869
彙,2870
荻,2871
頽,2872
邁,2873
芻,2874
帷,2875
蠱,2876
啞,2877
啼,2878
婉,2879
鉾,2880
閻,2881
涌,2882
鰭,2883
凧,2884
嘱,2885
隕,2886
沃,2887
猾,2888
噤,2889
蕾,2890
嶋,2891
栖,2892
聾,2893
菅,2894
宏,2895
徘,2896
哺,2897
棍,2898
堺,2899
焙,2900
樫,2901
瑕,2902
畿,2903
諧,2904
聳,2905
跋,2906
綜,2907
國,2908
餃,2909
畠,2910
饗,2911
胚,2912
醍,2913
醐,2914
梶,2915
侭,2916
鮨,2917
濱,2918
圭,2919
泄,2920
耀,2921
梵,2922
髯,2923
閨,2924
赫,2925
蝿,2926
斃,2927
劃,2928
帖,2929
峨,2930
粕,2931
冤,2932
砥,2933
悴,2934
燵,2935
躓,2936
魯,2937
遵,2938
袂,2939
錫,2940
訥,2941
啄,2942
莢,2943
玲,2944
佩,2945
怜,2946
酪,2947
眇,2948
揆,2949
鬨,2950
壱,2951
椰,2952
鶯,2953
扮,2954
宋,2955
酎,2956
拮,2957
剌,2958
緬,2959
涜,2960
辟,2961
犀,2962
鰹,2963
卦,2964
爬,2965
翡,2966
斡,2967
麟,2968
麹,2969
瘴,2970
攪,2971
烟,2972
訣,2973
蜻,2974
頚,2975
媛,2976
晰,2977
鍬,2978
恣,2979
烙,2980
肱,2981
刳,2982
阜,2983
轡,2984
鞠,2985
縒,2986
鍾,2987
隼,2988
鵠,2989
涛,2990
悄,2991
褻,2992
疽,2993
亥,2994
嬰,2995
陋,2996
鑽,2997
剪,2998
羹,2999
慇,3000
懃,3001
藝,3002
誑,3003
諒,3004
醇,3005
嘯,3006
蟲,3007
珊,3008
嶮,3009
鉈,3010
塡,3011
梟,3012
靱,3013
囂,3014
瀉,3015
罅,3016
綬,3017
痍,3018
衒,3019
娩,3020
咬,3021
樋,3022
菫,3023
頁,3024
毫,3025
鮎,3026
璽,3027
扈,3028
姜,3029
寅,3030
琢,3031
屹,3032
寥,3033
熔,3034
軀,3035
摸,3036
寇,3037
鍼,3038
攘,3039
珪,3040
憮,3041
噪,3042
蜀,3043
蛉,3044
做,3045
嬲,3046
苅,3047
牟,3048
逗,3049
梱,3050
奄,3051
袢,3052
淘,3053
鼬,3054
孟,3055
栃,3056
彗,3057
帛,3058
墾,3059
湘,3060
皓,3061
髷,3062
珈,3063
琲,3064
劉,3065
麩,3066
鼾,3067
浚,3068
蓬,3069
錘,3070
姥,3071
芙,3072
剽,3073
蛋,3074
虔,3075
襦,3076
鴻,3077
赭,3078
緘,3079
諌,3080
曙,3081
庚,3082
蠣,3083
褌,3084
烹,3085
誂,3086
臂,3087
竟,3088
纂,3089
諍,3090
銜,3091
憊,3092
蟇,3093
鑿,3094
晃,3095
錨,3096
丙,3097
綽,3098
蝗,3099
餉,3100
瑛,3101
瑚,3102
臀,3103
饉,3104
棹,3105
厘,3106
款,3107
捺,3108
佞,3109
漱,3110
遼,3111
壬,3112
燗,3113
濾,3114
梓,3115
薮,3116
穣,3117
哄,3118
恕,3119
彌,3120
趨,3121
脾,3122
艘,3123
鋤,3124
憔,3125
蕉,3126
膀,3127
胱,3128
鞋,3129
娶,3130
濶,3131
掩,3132
歿,3133
衾,3134
悧,3135
褥,3136
黍,3137
猩,3138
鬢,3139
讒,3140
晋,3141
畝,3142
愧,3143
鰐,3144
賎,3145
諺,3146
篝,3147
麿,3148
薯,3149
戌,3150
諮,3151
艱,3152
箍,3153
硯,3154
衿,3155
峯,3156
勒,3157
奕,3158
蕪,3159
欒,3160
筵,3161
矩,3162
凰,3163
逓,3164
賂,3165
彿,3166
嚥,3167
盧,3168
瘦,3169
鵞,3170
婢,3171
譬,3172
蕭,3173
什,3174
槃,3175
詔,3176
緞,3177
疱,3178
縊,3179
痰,3180
菖,3181
熨,3182
篩,3183
恢,3184
戊,3185
雉,3186
窘,3187
畢,3188
罐,3189
桿,3190
疏,3191
猜,3192
詈,3193
漲,3194
憬,3195
站,3196
傅,3197
蒐,3198
訶,3199
籐,3200
蟠,3201
紆,3202
蓼,3203
禱,3204
鼎,3205
咫,3206
痔,3207
僥,3208
閾,3209
邂,3210
逅,3211
刮,3212
磊,3213
俎,3214
殷,3215
鰯,3216
鮒,3217
愴,3218
檄,3219
喬,3220
瑣,3221
萱,3222
佗,3223
酉,3224
餞,3225
諷,3226
俟,3227
瀾,3228
輻,3229
霰,3230
闖,3231
懼,3232
曠,3233
謐,3234
蜃,3235
繻,3236
柘,3237
鋲,3238
渚,3239
允,3240
荊,3241
恬,3242
滔,3243
鯖,3244
俣,3245
撹,3246
沽,3247
澹,3248
趾,3249
涅,3250
娑,3251
鱒,3252
瓊,3253
馨,3254
劈,3255
搗,3256
舳,3257
抓,3258
魏,3259
擢,3260
瞋,3261
幟,3262
擽,3263
黎,3264
噎,3265
槻,3266
慟,3267
弐,3268
條,3269
逼,3270
坤,3271
縹,3272
匡,3273
釉,3274
斤,3275
卍,3276
筐,3277
柩,3278
紘,3279
鯱,3280
聊,3281
羈,3282
剋,3283
渠,3284
圃,3285
霹,3286
靂,3287
縺,3288
鼈,3289
塑,3290
虱,3291
萬,3292
禰,3293
揖,3294
嵯,3295
覿,3296
蠍,3297
箭,3298
竄,3299
邑,3300
眈,3301
氾,3302
耄,3303
翰,3304
丞,3305
稟,3306
撚,3307
拌,3308
抛,3309
袱,3310
庖,3311
竺,3312
闢,3313
埓,3314
襷,3315
芦,3316
譫,3317
吞,3318
疳,3319
襤,3320
褸,3321
榊,3322
藹,3323
栞,3324
螂,3325
蛆,3326
讚,3327
睥,3328
慚,3329
諤,3330
盪,3331
亢,3332
乍,3333
髑,3334
髏,3335
糺,3336
犇,3337
汀,3338
囀,3339
蚤,3340
盥,3341
炯,3342
膂,3343
湊,3344
旱,3345
飜,3346
綸,3347
氈,3348
壜,3349
渺,3350
恫,3351
夥,3352
櫂,3353
幇,3354
禎,3355
螢,3356
呶,3357
欽,3358
簪,3359
謄,3360
癬,3361
燼,3362
牒,3363
甫,3364
舘,3365
槓,3366
喇,3367
秦,3368
龕,3369
蛭,3370
麒,3371
梧,3372
頌,3373
芭,3374
蟄,3375
憺,3376
鸚,3377
邏,3378
鴎,3379
鵡,3380
碇,3381
顫,3382
踞,3383
斂,3384
繞,3385
籾,3386
驢,3387
蕗,3388
桔,3389
蘊,3390
甕,3391
顚,3392
徽,3393
框,3394
鄭,3395
齟,3396
齬,3397
呷,3398
窶,3399
偲,3400
蠕,3401
嘶,3402
攀,3403
沐,3404
眦,3405
懣,3406
虞,3407
廠,3408
肆,3409
寨,3410
搏,3411
廿,3412
芬,3413
繹,3414
箝,3415
鋪,3416
箕,3417
懶,3418
鞴,3419
擾,3420
酩,3421
酊,3422
聚,3423
塹,3424
畦,3425
齎,3426
愍,3427
瀝,3428
谿,3429
狛,3430
愈,3431
蹠,3432
糟,3433
綯,3434
諳,3435
柊,3436
玻,3437
輛,3438
澪,3439
頤,3440
懊,3441
舅,3442
筏,3443
罫,3444
鞣,3445
濛,3446
閏,3447
邇,3448
閤,3449
蟷,3450
匍,3451
筍,3452
艫,3453
埴,3454
掏,3455
冽,3456
簇,3457
穹,3458
吽,3459
堡,3460
埠,3461
紬,3462
魍,3463
魎,3464
絣,3465
臘,3466
鏑,3467
淆,3468
躑,3469
躅,3470
肚,3471
址,3472
橇,3473
佃,3474
饑,3475
恙,3476
蜷,3477
訃,3478
蒻,3479
鬘,3480
與,3481
袍,3482
逍,3483
麝,3484
翫,3485
囓,3486
鏝,3487
來,3488
戈,3489
鵬,3490
繡,3491
敲,3492
隘,3493
灘,3494
禊,3495
韜,3496
乖,3497
睾,3498
戎,3499
昴,3500
磋,3501
獺,3502
蒟,3503
臈,3504
怙,3505
喊,3506
趙,3507
瀑,3508
皐,3509
奧,3510
瀟,3511
鯰,3512
稗,3513
珂,3514
渥,3515
騨,3516
砒,3517
蕨,3518
鰓,3519
鏃,3520
癸,3521
臙,3522
跣,3523
樵,3524
舫,3525
仆,3526
蹌,3527
浣,3528
匣,3529
碩,3530
楢,3531
扼,3532
廣,3533
蓙,3534
馭,3535
旁,3536
濘,3537
闕,3538
畸,3539
躰,3540
鉦,3541
腥,3542
蓉,3543
椋,3544
拱,3545
茗,3546
榎,3547
倅,3548
篆,3549
甜,3550
蟬,3551
虻,3552
釦,3553
彬,3554
狒,3555
輌,3556
棕,3557
杳,3558
弗,3559
鏖,3560
膾,3561
學,3562
鹼,3563
擱,3564
挾,3565
癲,3566
寐,3567
盂,3568
玖,3569
游,3570
鐙,3571
瀆,3572
簒,3573
蹊,3574
躬,3575
芹,3576
桝,3577
葭,3578
亦,3579
仗,3580
迭,3581
篦,3582
駝,3583
蝸,3584
叭,3585
笈,3586
襴,3587
臑,3588
桓,3589
雹,3590
鸞,3591
魑,3592
夙,3593
蹙,3594
撼,3595
袷,3596
跏,3597
鹵,3598
輜,3599
喃,3600
忸,3601
怩,3602
慙,3603
鍮,3604
劾,3605
韋,3606
蛤,3607
坩,3608
堝,3609
厠,3610
鎚,3611
圀,3612
懦,3613
辷,3614
倆,3615
諱,3616
薨,3617
榛,3618
竃,3619
擡,3620
滸,3621
莞,3622
跛,3623
蚯,3624
蚓,3625
凋,3626
舜,3627
鰥,3628
鬩,3629
顆,3630
箆,3631
煖,3632
撻,3633
笊,3634
恃,3635
檣,3636
拇,3637
鍍,3638
嗾,3639
恚,3640
紊,3641
喀,3642
樟,3643
兌,3644
苧,3645
釧,3646
慳,3647
嗽,3648
鬣,3649
疋,3650
漑,3651
諄,3652
鈎,3653
飩,3654
錮,3655
苫,3656
鉋,3657
跫,3658
桧,3659
諚,3660
苞,3661
匐,3662
駭,3663
屡,3664
穎,3665
勁,3666
匪,3667
頒,3668
瀧,3669
籃,3670
弼,3671
棗,3672
鮪,3673
愾,3674
泛,3675
銚,3676
蛟,3677
繩,3678
魘,3679
閂,3680
鑼,3681
笏,3682
鯵,3683
竣,3684
礬,3685
輯,3686
獪,3687
嗇,3688
羯,3689
謔,3690
禦,3691
佚,3692
應,3693
踉,3694
醬,3695
瘠,3696
銛,3697
枡,3698
巍,3699
楷,3700
猊,3701
筮,3702
鹹,3703
菟,3704
礙,3705
貂,3706
俠,3707
聟,3708
鑵,3709
俚,3710
狢,3711
慥,3712
咒,3713
棉,3714
蒡,3715
誡,3716
櫚,3717
晏,3718
頗,3719
欅,3720
伶,3721
忿,3722
燎,3723
蛹,3724
柾,3725
鑢,3726
偃,3727
駱,3728
屎,3729
匆,3730
荏,3731
樸,3732
聘,3733
疣,3734
鈔,3735
麾,3736
寞,3737
槐,3738
邯,3739
鄲,3740
夭,3741
繚,3742
朕,3743
齣,3744
塒,3745
蕊,3746
偸,3747
驀,3748
呱,3749
尸,3750
孰,3751
侃,3752
歇,3753
夾,3754
蝎,3755
兀,3756
茣,3757
腓,3758
抒,3759
迹,3760
碓,3761
諛,3762
袁,3763
匕,3764
笙,3765
鎬,3766
辜,3767
溯,3768
潭,3769
廬,3770
筥,3771
藺,3772
墺,3773
圓,3774
櫻,3775
鰌,3776
儼,3777
菰,3778
槇,3779
鷗,3780
麭,3781
漣,3782
鐸,3783
蜿,3784
霽,3785
尨,3786
蔡,3787
俥,3788
氣,3789
僑,3790
枳,3791
胝,3792
鰺,3793
嬪,3794
奠,3795
纈,3796
忖,3797
瑪,3798
瑙,3799
滂,3800
沱,3801
蒜,3802
鮑,3803
辯,3804
宸,3805
碾,3806
琳,3807
擒,3808
蹈,3809
惻,3810
崑,3811
衙,3812
樅,3813
籬,3814
軛,3815
蛻,3816
鏤,3817
饂,3818
瑜,3819
錚,3820
悌,3821
邀,3822
佻,3823
岨,3824
絽,3825
斟,3826
槙,3827
鉗,3828
榜,3829
蝮,3830
箏,3831
饌,3832
剔,3833
闍,3834
冲,3835
瘻,3836
媼,3837
潅,3838
秣,3839
鈿,3840
冀,3841
扨,3842
鵺,3843
慷,3844
鴛,3845
捥,3846
尭,3847
舂,3848
潑,3849
儺,3850
睛,3851
蜒,3852
諂,3853
惶,3854
紮,3855
吶,3856
驟,3857
悽,3858
祚,3859
俘,3860
翩,3861
牀,3862
洸,3863
繃,3864
誣,3865
婀,3866
娜,3867
衍,3868
棠,3869
婬,3870
媾,3871
悖,3872
霍,3873
蕁,3874
豁,3875
倪,3876
銑,3877
黐,3878
仞,3879
蜚,3880
胛,3881
燧,3882
儕,3883
皙,3884
麁,3885
宦,3886
稈,3887
艪,3888
遑,3889
蘿,3890
斛,3891
倚,3892
疝,3893
鏘,3894
彎,3895
猖,3896
獗,3897
鞆,3898
缺,3899
擅,3900
恟,3901
誨,3902
佛,3903
亨,3904
豌,3905
闌,3906
蟀,3907
悋,3908
崙,3909
篁,3910
鵲,3911
昵,3912
叟,3913
楡,3914
葎,3915
狄,3916
鋩,3917
煥,3918
嶼,3919
黛,3920
疚,3921
簞,3922
櫨,3923
癩,3924
煕,3925
瑟,3926
僂,3927
谺,3928
懈,3929
橡,3930
莱,3931
瘢,3932
炳,3933
笞,3934
躄,3935
盈,3936
閊,3937
沮,3938
匈,3939
嚮,3940
惡,3941
髣,3942
髴,3943
孑,3944
耆,3945
幄,3946
尹,3947
羚,3948
廂,3949
帚,3950
亞,3951
裃,3952
謨,3953
于,3954
匁,3955
實,3956
稔,3957
鱶,3958
痞,3959
眄,3960
芍,3961
伜,3962
尠,3963
皴,3964
梔,3965
轆,3966
轤,3967
杷,3968
螻,3969
颪,3970
魃,3971
莚,3972
薊,3973
蟒,3974
鬆,3975
栂,3976
喙,3977
鴦,3978
浙,3979
茱,3980
萸,3981
隧,3982
皹,3983
瀞,3984
蟋,3985
柢,3986
饐,3987
偈,3988
餘,3989
覯,3990
溂,3991
噸,3992
狷,3993
韮,3994
噯,3995
皎,3996
舁,3997
坡,3998
釵,3999
杢,4000
茲,4001
艾,4002
蝨,4003
穽,4004
滄,4005
攬,4006
巽,4007
鎹,4008
隋,4009
廚,4010
輾,4011
徂,4012
徠,4013
椽,4014
罌,4015
杣,4016
纜,4017
諡,4018
鉞,4019
雖,4020
牆,4021
弉,4022
汞,4023
泪,4024
偕,4025
箴,4026
譴,4027
奘,4028
鎔,4029
悛,4030
屛,4031
瞽,4032
踝,4033
嫣,4034
嫂,4035
藷,4036
鰤,4037
捐,4038
稍,4039
旌,4040
楫,4041
崗,4042
鴬,4043
蜈,4044
蚣,4045
菲,4046
穆,4047
菁,4048
瘧,4049
糜,4050
霆,4051
豈,4052
晨,4053
趺,4054
橄,4055
欖,4056
蟆,4057
漓,4058
炮,4059
杙,4060
霖,4061
蝟,4062
顳,4063
鳧,4064
膺,4065
婁,4066
拿,4067
燠,4068
鮟,4069
髻,4070
纔,4071
艷,4072
酋,4073
囈,4074
揣,4075
纒,4076
羆,4077
戍,4078
颶,4079
檸,4080
檬,4081
怏,4082
嫋,4083
鐵,4084
瓏,4085
暹,4086
鵑,4087
膊,4088
酣,4089
枸,4090
疸,4091
猴,4092
砧,4093
盒,4094
踠,4095
駸,4096
稠,4097
砺,4098
慊,4099
檗,4100
蛞,4101
蝓,4102
槿,4103
蔀,4104
藏,4105
蓆,4106
骰,4107
鶉,4108
柝,4109
忝,4110
靨,4111
孜,4112
崋,4113
貉,4114
疆,4115
廏,4116
癡,4117
筅,4118
塙,4119
苟,4120
鬮,4121
澎,4122
禾,4123
哥,4124
冉,4125
闃,4126
筺,4127
豺,4128
旒,4129
烱,4130
鎗,4131
鈷,4132
楮,4133
盞,4134
犢,4135
羂,4136
兢,4137
軻,4138
狆,4139
蘚,4140
蛄,4141
棧,4142
粮,4143
亙,4144
涕,4145
汪,4146
驥,4147
迚,4148
嬶,4149
筧,4150
笄,4151
鞏,4152
莨,4153
勺,4154
覡,4155
橿,4156
蟾,4157
莽,4158
艀,4159
矍,4160
鑠,4161
耻,4162
鴇,4163
渫,4164
鴫,4165
咸,4166
鑚,4167
銷,4168
翹,4169
畷,4170
覲,4171
襠,4172
筝,4173
鰊,4174
梏,4175
縅,4176
蜆,4177
巖,4178
掣,4179
稷,4180
薀,4181
嫩,4182
坏,4183
橈,4184
馥,4185
墻,4186
躪,4187
鯔,4188
戛,4189
侈,4190
俱,4191
痼,4192
淺,4193
彳,4194
挌,4195
廐,4196
衢,4197
譏,4198
蘂,4199
檳,4200
榔,4201
涵,4202
鵝,4203
鶺,4204
鴒,4205
鑞,4206
韃,4207
齦,4208
俤,4209
枉,4210
腮,4211
胼,4212
臾,4213
脣,4214
栴,4215
驒,4216
椛,4217
對,4218
彭,4219
餠,4220
楳,4221
鱇,4222
迢,4223
栲,4224
鑓,4225
怡,4226
麵,4227
淪,4228
齲,4229
赳,4230
歔,4231
欷,4232
顏,4233
楞,4234
發,4235
咜,4236
襁,4237
褓,4238
榧,4239
甍,4240
萠,4241
脩,4242
祿,4243
哩,4244
樗,4245
貘,4246
糯,4247
妁,4248
弑,4249
醂,4250
鞅,4251
嘸,4252
當,4253
酥,4254
侑,4255
艙,4256
薹,4257
幀,4258
萼,4259
馗,4260
弋,4261
熙,4262
喨,4263
甸,4264
磬,4265
埜,4266
赧,4267
楸,4268
粱,4269
嬬,4270
癈,4271
啀,4272
沛,4273
賺,4274
拈,4275
俑,4276
處,4277
劒,4278
獏,4279
渣,4280
惘,4281
樂,4282
萍,4283
溪,4284
茴,4285
琺,4286
瑯,4287
妍,4288
幔,4289
鶫,4290
縣,4291
璋,4292
摧,4293
假,4294
蕋,4295
惠,4296
贓,4297
厖,4298
辨,4299
籟,4300
籌,4301
黥,4302
澳,4303
閘,4304
肇,4305
淮,4306
閔,4307
髙,4308
渕,4309
葫,4310
醵,4311
壟,4312
黝,4313
叮,4314
嚀,4315
硅,4316
焜,4317
鑰,4318
顬,4319
艤,4320
邊,4321
晧,4322
痲,4323
鴟,4324
閦,4325
醗,4326
婪,4327
舩,4328
胯,4329
恤,4330
襯,4331
宍,4332
橅,4333
暉,4334
渤,4335
冪,4336
霙,4337
蹣,4338
跚,4339
鐚,4340
蜩,4341
邃,4342
瑳,4343
筌,4344
駘,4345
羃,4346
奎,4347
啻,4348
鵄,4349
鑷,4350
颱,4351
硼,4352
觴,4353
絲,4354
礪,4355
矧,4356
嘛,4357
鮓,4358
禹,4359
菴,4360
螟,4361
鱧,4362
烽,4363
蕈,4364
冕,4365
冢,4366
蹉,4367
跌,4368
鶸,4369
罎,4370
窖,4371
嚆,4372
粂,4373
榾,4374
鱸,4375
无,4376
轅,4377
艮,4378
纓,4379
痂,4380
譎,4381
陝,4382
耘,4383
疥,4384
跼,4385
聲,4386
霄,4387
桎,4388
甃,4389
繙,4390
贏,4391
筬,4392
胄,4393
薗,4394
枇,4395
蹶,4396
佝,4397
髀,4398
痾,4399
砌,4400
栩,4401
綏,4402
悚,4403
裘,4404
籔,4405
榮,4406
肓,4407
巓,4408
晟,4409
會,4410
聰,4411
糎,4412
吋,4413
窿,4414
垓,4415
梭,4416
磧,4417
鵯,4418
鐺,4419
撈,4420
櫟,4421
惇,4422
軫,4423
齋,4424
鳰,4425
岑,4426
團,4427
孺,4428
萵,4429
苣,4430
謦,4431
岱,4432
碼,4433
癘,4434
蒋,4435
號,4436
鯣,4437
壻,4438
楝,4439
詁,4440
闥,4441
哇,4442
碕,4443
隨,4444
帙,4445
騏,4446
輓,4447
杆,4448
樒,4449
蛎,4450
嗔,4451
氛,4452
蠑,4453
噫,4454
嘖,4455
隴,4456
薑,4457
馘,4458
糶,4459
簑,4460
饕,4461
餮,4462
桛,4463
爰,4464
誄,4465
紲,4466
蜉,4467
蝣,4468
礦,4469
爻,4470
騫,4471
仭,4472
綛,4473
鸛,4474
鷂,4475
寔,4476
蹤,4477
凉,4478
鞦,4479
倨,4480
邉,4481
跑,4482
讎,4483
癰,4484
埵,4485
簫,4486
蘗,4487
騾,4488
嬋,4489
撩,4490
闡,4491
顋,4492
癆,4493
鴿,4494
顱,4495
釐,4496
眴,4497
醴,4498
浬,4499
蜑,4500
稙,4501
陞,4502
靼,4503
兒,4504
侏,4505
佶,4506
幢,4507
膈,4508
鷸,4509
圖,4510
羌,4511
粽,4512
羸,4513
裲,4514
熄,4515
衞,4516
椹,4517
鰆,4518
慫,4519
慂,4520
莪,4521
榕,4522
駑,4523
澁,4524
咏,4525
粁,4526
汕,4527
媽,4528
蘖,4529
隗,4530
欹,4531
怱,4532
湮,4533
椴,4534
个,4535
犂,4536
弭,4537
壽,4538
陬,4539
鰒,4540
霏,4541
桴,4542
劍,4543
怺,4544
奚,4545
靫,4546
萃,4547
飫,4548
薺,4549
茘,4550
逕,4551
姶,4552
卉,4553
覘,4554
瘋,4555
牴,4556
瓔,4557
珞,4558
湍,4559
豕,4560
淙,4561
詢,4562
坎,4563
裨,4564
塘,4565
柞,4566
堊,4567
粳,4568
疔,4569
醋,4570
寃,4571
范,4572
冰,4573
菠,4574
訌,4575
狎,4576
凩,4577
椨,4578
錣,4579
鱚,4580
螭,4581
葷,4582
猷,4583
鍜,4584
蜊,4585
倩,4586
鰈,4587
鴈,4588
鶲,4589
鈞,4590
貅,4591
丕,4592
傴,4593
舒,4594
碣,4595
褶,4596
稻,4597
瓣,4598
莓,4599
嚔,4600
齷,4601
齪,4602
瑾,4603
醪,4604
鞜,4605
炷,4606
褞,4607
泗,4608
麪,4609
椚,4610
鰡,4611
罨,4612
澗,4613
卅,4614
銕,4615
驍,4616
殃,4617
慴,4618
蚌,4619
鉉,4620
腟,4621
囊,4622
縲,4623
蓴,4624
莟,4625
輳,4626
潺,4627
樊,4628
纐,4629
雋,4630
蔟,4631
舸,4632
爨,4633
梠,4634
恁,4635
檐,4636
髱,4637
蔔,4638
棊,4639
啐,4640
荵,4641
篷,4642
轗,4643
姙,4644
鮠,4645
袿,4646
叺,4647
鼯,4648
讓,4649
靜,4650
霑,4651
錻,4652
虬,4653
阮,4654
瞿,4655
遉,4656
鬧,4657
鵙,4658
湃,4659
淇,4660
鑒,4661
邱,4662
牘,4663
櫺,4664
嬖,4665
蒴,4666
簸,4667
徭,4668
禧,4669
潁,4670
糀,4671
嶄,4672
挂,4673
岫,4674
嫗,4675
嚊,4676
豎,4677
鮃,4678
顴,4679
溟,4680
嫦,4681
娥,4682
瀚,4683
惺,4684
莎,4685
鱠,4686
膕,4687
遏,4688
紂,4689
蔬,4690
蔕,4691
姨,4692
杼,4693
璞,4694
爲,4695
估,4696
艸,4697
綟,4698
箙,4699
謫,4700
厥,4701
滌,4702
扠,4703
戔,4704
爼,4705
愎,4706
貽,4707
駟,4708
楪,4709
弖,4710
證,4711
曉,4712
畚,4713
荳,4714
晁,4715
篳,4716
篥,4717
鰍,4718
堯,4719
隱,4720
霓,4721
螳,4722
擯,4723
繽,4724
醺,4725
枹,4726
邕,4727
糝,4728
鯊,4729
粍,4730
甑,4731
姆,4732
禮,4733
骼,4734
茵,4735
嚏,4736
鈕,4737
笨,4738
蕷,4739
蹕,4740
襄,4741
蠧,4742
錺,4743
鏨,4744
榑,4745
柬,4746
戞,4747
蚩,4748
貳,4749
閇,4750
唵,4751
輦,4752
靠,4753
懿,4754
蔣,4755
簗,4756
戀,4757
鞨,4758
眥,4759
荀,4760
轂,4761
瀰,4762
悵,4763
鐶,4764
裄,4765
鈑,4766
麸,4767
繖,4768
羔,4769
鷓,4770
鴣,4771
庠,4772
鶍,4773
溥,4774
鷭,4775
蹇,4776
袞,4777
虧,4778
掾,4779
黽,4780
抔,4781
櫞,4782
掉,4783
蜓,4784
蚋,4785
峭,4786
哈,4787
殭,4788
廈,4789
盡,4790
苓,4791
謚,4792
晝,4793
椙,4794
鑁,4795
峩,4796
熹,4797
仍,4798
蚶,4799
獨,4800
柯,4801
蓐,4802
梛,4803
胖,4804
篏,4805
偖,4806
鬻,4807
蚰,4808
窈,4809
窕,4810
歐,4811
讖,4812
骶,4813
潸,4814
馮,4815
韭,4816
岌,4817
驎,4818
懾,4819
霾,4820
囗,4821
癢,4822
蛔,4823
銓,4824
甞,4825
壼,4826
辮,4827
槲,4828
簓,4829
溲,4830
寶,4831
鮹,4832
糒,4833
毳,4834
絋,4835
喞,4836
鷦,4837
鷯,4838
旆,4839
栢,4840
螫,4841
褫,4842
綮,4843
髢,4844
苒,4845
痳,4846
脉,4847
駻,4848
莵,4849
蓍,4850
蚜,4851
椥,4852
礒,4853
邨,4854
觚,4855
桙,4856
釆,4857
夘,4858
迪,4859
繇,4860
瓩,4861
疊,4862
腴,4863
殯,4864
岷,4865
殱,4866
皀,4867
瑰,4868
鷽,4869
珎,4870
煬,4871
籖,4872
艨,4873
艟,4874
娵,4875
苜,4876
蓿,4877
磚,4878
齊,4879
啣,4880
燹,4881
鴆,4882
噬,4883
秕,4884
髮,4885
恆,4886
鶩,4887
綢,4888
靉,4889
靆,4890
變,4891
皰,4892
鏈,4893
掖,4894
湫,4895
煢,4896
瘰,4897
癧,4898
兔,4899
澆,4900
僣,4901
怫,4902
韆,4903
宕,4904
壑,4905
嚠,4906
雒,4907
鯏,4908
柒,4909
羗,4910
阡,4911
糕,4912
緇,4913
腭,4914
僵,4915
弽,4916
陌,4917
蠊,4918
痎,4919
佰,4920
苹,4921
燔,4922
菘,4923
氓,4924
寳,4925
螯,4926
笋,4927
鶇,4928
凾,4929
耨,4930
藐,4931
螈,4932
簷,4933
蒿,4934
悒,4935
藕,4936
崛,4937
閖,4938
儞,4939
吭,4940
瓠,4941
鄧,4942
椈,4943
耒,4944
鯡,4945
薐,4946
袤,4947
檞,4948
蜍,4949
縟,4950
藜,4951
韛,4952
厦,4953
羮,4954
膩,4955
舛,4956
剿,4957
軈,4958
祗,4959
緲,4960
垜,4961
溷,4962
蔗,4963
贐,4964
鰕,4965
犒,4966
皸,4967
你,4968
瘁,4969
娟,4970
恪,4971
噦,4972
緡,4973
孀,4974
插,4975
懷,4976
晤,4977
黯,4978
鼕,4979
喟,4980
翕,4981
薤,4982
鰮,4983
倔,4984
堙,4985
覊,4986
騅,4987
儛,4988
么,4989
葯,4990
巛,4991
籰,4992
禪,4993
峽,4994
檮,4995
簶,4996
鋺,4997
弍,4998
橢,4999
孁,5000
滬,5001
鏢,5002
乘,5003
錏,5004
袗,5005
晳,5006
笳,5007
箚,5008
體,5009
飮,5010
羲,5011
孚,5012
熒,5013
豼,5014
匝,5015
蠡,5016
撿,5017
挍,5018
觜,5019
絁,5020
蔚,5021
斫,5022
殪,5023
峪,5024
廩,5025
錄,5026
蚫,5027
壹,5028
儁,5029
頴,5030
潘,5031
鰰,5032
驛,5033
闔,5034
膃,5035
肭,5036
輒,5037
綵,5038
癋,5039
麴,5040
蝌,5041
蚪,5042
弯,5043
丗,5044
芟,5045
罩,5046
簽,5047
菎,5048
噲,5049
倥,5050
偬,5051
蹼,5052
洵,5053
鐔,5054
鄰,5055
剱,5056
咢,5057
塋,5058
仝,5059
蟯,5060
楣,5061
忉,5062
珮,5063
糢,5064
搶,5065
蓊,5066
磑,5067
辵,5068
俐,5069
枋,5070
覬,5071
覦,5072
迯,5073
彪,5074
湲,5075
广,5076
劔,5077
丐,5078
蝴,5079
鰷,5080
玳,5081
瑁,5082
裙,5083
檍,5084
袘,5085
弌,5086
鞐,5087
猨,5088
嬥,5089
愒,5090
鑛,5091
濺,5092
烝,5093
蝲,5094
瓮,5095
鯤,5096
裹,5097
麤,5098
豬,5099
枘,5100
熳,5101
閼,5102
瀋,5103
昉,5104
縉,5105
呍,5106
巵,5107
櫪,5108
鉅,5109
罔,5110
麽,5111
鱏,5112
轌,5113
榻,5114
淦,5115
挘,5116
焮,5117
關,5118
菽,5119
黶,5120
頡,5121
頏,5122
曩,5123
鱘,5124
朮,5125
傚,5126
譟,5127
駮,5128
黠,5129
縡,5130
窗,5131
遲,5132
粃,5133
睿,5134
筰,5135
鴃,5136
訐,5137
羝,5138
祺,5139
驩,5140
篶,5141
謖,5142
炻,5143
麋,5144
輊,5145
貮,5146
釿,5147
蠎,5148
箜,5149
篌,5150
醢,5151
蛩,5152
脯,5153
絛,5154
鐫,5155
檝,5156
彊,5157
鯒,5158
夛,5159
蒹,5160
鞺,5161
鞳,5162
鴕,5163
鶚,5164
鐐,5165
牖,5166
碰,5167
佯,5168
賈,5169
剄,5170
莧,5171
纛,5172
垤,5173
薈,5174
騷,5175
閭,5176
蒄,5177
渊,5178
歸,5179
簔,5180
蓚,5181
鵼,5182
嶇,5183
芫,5184
葆,5185
憖,5186
鵟,5187
惷,5188
齒,5189
匏,5190
儔,5191
恂,5192
帶,5193
絏,5194
鼂,5195
骭,5196
擘,5197
嶌,5198
杮,5199
劓,5200
諢,5201
錢,5202
臠,5203
袵,5204
剴,5205
蠶,5206
豇,5207
媧,5208
屢,5209
讌,5210
渭,5211
螽,5212
甌,5213
帑,5214
竭,5215
辶,5216
阨,5217
穗,5218
磽,5219
确,5220
隍,5221
攩,5222
衽,5223
驪,5224
陜,5225
騸,5226
姒,5227
蘋,5228
芾,5229
絅,5230
椏,5231
檉,5232
櫧,5233
羇,5234
茯,5235
痤,5236
樏,5237
秭,5238
寫,5239
沒,5240
麼,5241
衄,5242
繧,5243
繝,5244
鰾,5245
鵆,5246
粡,5247
厂,5248
刖,5249
灣,5250
兮,5251
佼,5252
蕤,5253
貔,5254
篋,5255
灑,5256
參,5257
價,5258
甎,5259
稃,5260
隹,5261
槨,5262
漳,5263
簧,5264
鰱,5265
囑,5266
攵,5267
藥,5268
璆,5269
桷,5270
蛯,5271
耿,5272
瞻,5273
輕,5274
泫,5275
倜,5276
儻,5277
葩,5278
鱲,5279
麕,5280
勦,5281
邈,5282
鵤,5283
氤,5284
氳,5285
竽,5286
萁,5287
尢,5288
黔,5289
遖,5290
胙,5291
渟,5292
埔,5293
狠,5294
瑤,5295
搢,5296
唳,5297
蕺,5298
牾,5299
軾,5300
蠏,5301
塼,5302
伉,5303
儷,5304
鑄,5305
鯑,5306
冱,5307
踰,5308
飭,5309
楂,5310
聢,5311
闋,5312
瑶,5313
癭,5314
樣,5315
簟,5316
冦,5317
餾,5318
雍,5319
芷,5320
攷,5321
橛,5322
簣,5323
燬,5324
紕,5325
瘭,5326
蛬,5327
敝,5328
芎,5329
攲,5330
梲,5331
呰,5332
穡,5333
抃,5334
莩,5335
靛,5336
黌,5337
祢,5338
逬,5339
褚,5340
殄,5341
鼹,5342
楾,5343
礑,5344
鎺,5345
樛,5346
柃,5347
將,5348
寤,5349
熕,5350
衵,5351
銹,5352
鰄,5353
秧,5354
觝,5355
鍰,5356
褊,5357
餛,5358
硴,5359
僮,5360
鄒,5361
蜾,5362
蠃,5363
滿,5364
粲,5365
鯷,5366
胥,5367
雙,5368
讀,5369
糗,5370
齶,5371
焰,5372
矗,5373
昶,5374
杲,5375
壒,5376
卩,5377
雕,5378
瀛,5379
蜱,5380
蝱,5381
仟,5382
鏗,5383
徙,5384
黜,5385
欛,5386
尅,5387
梺,5388
摹,5389
瘟,5390
臧,5391
葹,5392
鮗,5393
臚,5394
苴,5395
蕣,5396
逑,5397
癜,5398
厲,5399
姧,5400
黿,5401
麈,5402
鯥,5403
絖,5404
皶,5405
笆,5406
硨,5407
磲,5408
癶,5409
籙,5410
陟,5411
忰,5412
縑,5413
椣,5414
鱝,5415
渙,5416
們,5417
辭,5418
坅,5419
殤,5420
攝,5421
貍,5422
嵬,5423
媳,5424
擠,5425
鰩,5426
皁,5427
鰉,5428
颺,5429
鮸,5430
袙,5431
韶,5432
權,5433
穰,5434
從,5435
愼,5436
麞,5437
魹,5438
繦,5439
秉,5440
觀,5441
靺,5442
魳,5443
豉,5444
扞,5445
餝,5446
膰,5447
鑣,5448
顓,5449
頊,5450
柹,5451
蔤,5452
餬,5453
酖,5454
殼,5455
雜,5456
巉,5457
逶,5458
迤,5459
杪,5460
苳,5461
竏,5462
毮,5463
巒,5464
鮴,5465
曚,5466
瘙,5467
裴,5468
蓁,5469
矠,5470
徜,5471
徉,5472
惔,5473
簳,5474
榱,5475
奝,5476
鯽,5477
椶,5478
勳,5479
舍,5480
絮,5481
裑,5482
祁,5483
擤,5484
蓖,5485
襅,5486
專,5487
鰔,5488
瓲,5489
堋,5490
繆,5491
塢,5492
柮,5493
卮,5494
駃,5495
騠,5496
惸,5497
粔,5498
籹,5499
斌,5500
蒅,5501
龗,5502
賻,5503
慵,5504
煠,5505
鬲,5506
籵,5507
魴,5508
鮄,5509
姚,5510
嚴,5511
毗,5512
糂,5513
粏,5514
鉸,5515
殳,5516
詑,5517
鯎,5518
餤,5519
鴾,5520
攴,5521
溽,5522
瑩,5523
鱓,5524
獦,5525
